Product Name,Product Price
Proton Saga Mitsuboshi CPK865 Original Fan Belt Brand New,RM 18.00
4D68 For MITSUBISHI GALANT OR PROTON PERSONA 400 Engine Rebuild Kits Auto Engine,RM 410.26
Tail Lamp Proton Perdana V6 RH,RM 250.00
New ListingTiming Belt fits PROTON SAVVY 1.2 05 to 12 Gates Genuine Top Quality Guaranteed,RM 169.63
New Listing30R5024-OYO ENGINE TIMING BELT CAM BELT OYODO NEW OE REPLACEMENT,RM 230.77
"New ListingENGINE TIMING BELT CAM BELT OYODO 30R5024-OYO P FOR MITSUBISHI LANCER V,GALANT V",RM 247.70
"New ListingSUN ZAHNRIEMEN STEUERRIEMEN A491YU29MM L FÜR PROTON PERSONA 400,PERSONA 300",RM 227.43
New ListingZAHNRIEMEN STEUERRIEMEN OYODO 30R5024-OYO P NEU OE QUALITÄT,RM 202.40
New ListingBOSCH 0258005255 O2 Oxygen Lambda Sensor for MITSUBISHI Colt Lancer Space PROTON,RM 209.79
New ListingV-Ribbed Belts for CITROËN FIAT LADA INA FB 4PK698,RM 100.56
New ListingTIMING BELT FOR MITSUBISHI PROTON CONTINENTAL CTAM CT842,RM 289.42
"5PK865 GATES V-Ribbed Belt for BMW,BYD,FERRARI,MITSUBISHI,PROTON,TOYOTA,ZHONGHUA",RM 203.36
New ListingTIMING BELT FOR MITSUBISHI PROTON CONTINENTAL CTAM CT812,RM 289.42
New ListingTIMING BELT FOR MITSUBISHI PROTON CONTINENTAL CTAM CT821,RM 206.56
"New ListingOYODO ZAHNRIEMEN STEUERRIEMEN 30R5024-OYO P FÜR MITSUBISHI LANCER V,GALANT V 2L",RM 207.17
1x Meyle 0500040763 V-Ribbed for Mitsubishi Nissan Rover Suzuki Proton,RM 188.57
Genuine SKF Timing Belt Kit for Proton Savvy 1149cc D4F 1.2 (01/2006-12/2014),RM 616.25
"SKF VKMA 36067 V-Ribbed Belt Set for DACIA,NISSAN,PROTON,RENAULT",RM 408.66
"INA 529 0280 10 V-Ribbed Belt Set for DACIA,NISSAN,PROTON,RENAULT",RM 402.02
GATES Micro-V Drive Belt for Proton Satria 4G93 1.8 August 1998 to March 2000,RM 124.23
Timing Belt for Proton Persona 4cyl 4G15 1.5L - 4G13 1.3L 1996 to 2004,RM 194.18
DAYCO TIMING BELT KIT for PROTON M21 10/97-11/00 1.8L 4CYL 16V DOHC MPFI 4G93,RM 647.74
Balance Shaft Belt fits HYUNDAI LANTRA J-1 1.6 1.8 90 to 95 Gates 2335633110 New,RM 94.82
"New ListingMITSUBOSHI ZAHNRIEMEN STEUERRIEMEN 158XR32 L FÜR MITSUBISHI LANCER V,GALANT V",RM 207.17
New ListingENGINE TIMING BELT CAM BELT BOSCH 1 987 949 518 P NEW OE REPLACEMENT,RM 189.10
DAYCO TIMING BELT KIT for PROTON Satria 01/07-08/12 1.6L 4cyl DOHC MPFI BS S4PH,RM 616.89
GATES Timing Belt Kit To Suit Proton M21 1.8 EXi Petrol Coupe,RM 567.57
Genuine OEM Crank Sensor For Proton (SC576GEN),RM 686.94
"New ListingMITSUBOSHI ZAHNRIEMEN STEUERRIEMEN 92ZBS19 L FÜR HYUNDAI PONY EXCEL,PONY",RM 121.04
Dayco Timing Belt T889 fits MITSUBISHI/ PROTON 94510,RM 234.40
ENGINE TIMING BELT CAM BELT GATES 5577XS P FOR PROTON SAVVY 1.2 1.2L 55KW,RM 229.94
"530 0518 10 INA Timing Belt Set for MITSUBISHI,PROTON",RM 440.64
"1 987 948 364 BOSCH V-Ribbed Belt for DACIA,NISSAN,PEUGEOT,PROTON,RENAULT",RM 188.80
ZAHNRIEMEN FÜR MITSUBISHI PROTON BOSCH 1 987 949 429,RM 156.55
New ListingGenuine Proton Saga Iswara Fuel Filler Hose MB400890,RM 118.31
Dayco Timing Belt T935 fits MITSUBISHI/ PROTON 94494,RM 268.33
Timing Belt fits PROTON WIRA 2.0D 96 to 00 QH MD192319 Top Quality Guaranteed,RM 211.71
GATES Micro-V Drive Belt for Proton Satria 4G15M 1.5 March 1996 to March 2000,RM 110.68
Dayco Timing Belt T191 fits HYUNDAI/ MITSUBISHI/PROTON 94216,RM 209.72
GATES Timing Belt To Suit Proton Satria 1.6 Petrol,RM 339.31
KEILRIPPENRIEMEN FÜR MITSUBISHI NISSAN PROTON MEYLE 050 004 0760,RM 75.49
Stabilizer Link Set of 2pcs Fit For Suzuki Ertiga Proton Ertiga,RM 455.68
ZAHNRIEMEN STEUERRIEMEN GATES 5550XS G FÜR PROTON IMPIAN 1.8 1.8L 93KW,RM 252.56
GATES Timing Belt To Suit Proton Persona 313i Petrol,RM 225.18
Timing Belt fits PROTON COMPACT C9 1.3 1.5 00 to 06 QH MD145813 Quality New,RM 128.79
Timing Belt fits PROTON PERSONA 2.0D 96 to 99 4D68 ADL MD192319 Quality New,RM 365.12
Timing Belt fits PROTON PERSONA 1.6 94 to 00 4G92 QH MD176386 Quality Guaranteed,RM 182.18
GATES Timing Belt To Suit Proton Persona 1.6 Petrol,RM 302.29
KEILRIPPENRIEMEN FÜR MITSUBISHI NISSAN PROTON CONTINENTAL CTAM 4PK760,RM 90.69
"ZAHNRIEMEN STEUERRIEMEN DAYCO 94195 I FÜR HYUNDAI LANTRA I 1.6L,1.8L 84KW,93KW",RM 141.10
GATES Timing Belt Kit To Suit Proton Persona 313i Petrol,RM 434.93
GATES Timing Belt To Suit Proton M21 1.8 EXi Petrol Coupe,RM 302.29
GATES Timing Belt Kit To Suit Proton Persona 316 Petrol,RM 496.62
"ZAHNRIEMEN STEUERRIEMEN SUN A444YU25MM L FÜR PROTON SALOON 1.5,1.3 1.5L,1.3L",RM 176.57
ZAHNRIEMEN FÜR MITSUBISHI PROTON GATES 5350XS,RM 166.69
New ListingShock Absorber for MITSUBISHI PROTON KYB 334073,RM 627.32
GATES Timing Belt Kit To Suit Proton Persona 315 GLi/GLSi Petrol,RM 404.08
V-RIBBED FAN BELT FOR PROTON SATRIA 5PK1148 OEM QUALITY,RM 107.13
"050 004 0763 MEYLE V-Ribbed Belt for MITSUBISHI,NISSAN,PROTON,ROVER,SUZUKI",RM 110.50
New ListingProton Gen2 Persona 2005-2010 Hatch Rear Wiper Arm,RM 50.90
"GATES 5257XS Timing Belt for ,CHERY,FORD AFRICA,GREAT WALL,HYUNDAI,KIA,LANDWIND",RM 67.13
Timing Belt fits MITSUBISHI DELICA 2.0 96 to 00 QH MB182293 MD197141 MD338288,RM 164.01
3x2 High Quality Rubber Tie Rod End Ball Joint Dust Boots Dust Cover Boot Set,RM 74.08
